S#,Title,Location,Date,Incident Area,Open/Close Location,Target,Cause,Summary,Fatalities,Injured,Total victims,Policeman Killed,Age,Employeed (Y/N),Employed at,Mental Health Issues,Race,Gender,Latitude,Longitude
1,Las Vegas Strip mass shooting,"Las Vegas, NV",10/1/2017,,,,,"The 2017 Las Vegas shooting occurred on the night of Sunday, October 1, 2017 when a gunman opened fire on a crowd of concertgoers at the Route 91 Harvest music festival on the Las Vegas Strip in Nevada, leaving 58 people dead and 851 injured.",58,527,585,,,,,Unclear,White,M,36.181271,-115.134132
2,San Francisco UPS shooting,"San Francisco, CA",6/14/2017,UPS facility,Close,coworkers,,"Jimmy Lam, 38, fatally shot three coworkers and wounded two others inside a UPS facility in San Francisco. Lam killed himself as law enforcement officers responded to the scene.",3,2,5,0,38,1,,Yes,Asian,M,,
3,Pennsylvania supermarket shooting,"Tunkhannock, PA",6/7/2017,Weis grocery,Close,coworkers,terrorism,"Randy Stair, a 24-year-old worker at Weis grocery fatally shot three of his fellow employees. He reportedly fired 59 rounds with a pair of shotguns before turning the gun on himself as another co-worker fled the scene for help and law enforcement responded.",3,0,3,,24,1,Weis grocery,Unclear,White,M,,
4,Florida awning manufacturer shooting,"Orlando, Florida",6/5/2017,manufacturer Fiamma Inc.,Close,coworkers,unemployement,"John Robert Neumann, Jr., 45, a former employee of manufacturer Fiamma Inc. fatally shot five workers at the company, and then killed himself on the scene. He'd been fired from the company in April. The attack took place a week before the one-year anniversary of the Orlando nightclub massacre.",5,0,5,,45,1,manufacturer Fiamma Inc.,Unclear,,M,,
5,Rural Ohio nursing home shooting,"Kirkersville, Ohio",5/12/2017,a nursing home,Close,coworkers,,"Thomas Hartless, 43, shot and killed a former girlfriend and another employee of a nursing home, and then fatally shot the Kirkersville police chief responding to the scene. Hartless' former girlfriend had recently obtained a court protection order against Hartless. Investigators later found more than 60 firearms in the home of Hartless, who was also found dead at the scene of the attack.",3,0,3,1,43,1,some nursing home,Yes,White,M,,
6,Fresno downtown shooting,"Fresno, California",4/18/2017,a street in downtown,Open,random,racism,"Kori Ali Muhammad, 39, opened fire along a street in downtown Fresno, killing three people randomly in an alleged hate crime prior to being apprehended by police. Muhammad, who is black, killed three white victims and later described his attack as being racially motivated; he also reportedly yelled 'Allahu Akbar' at the time he was arrested, but authorities indicated they found no links to Islamist terrorism.",3,0,3,,39,,,Unclear,Black,M,,
7,Fort Lauderdale airport shooting,"Fort Lauderdale, Florida",1/6/2017,baggage claim area of the airport,Close,random,terrorism,"Esteban Santiago, 26, flew from Alaska to Fort Lauderdale, where he opened fire in the baggage claim area of the airport, killing five and wounding six before police aprehended him. ",5,6,11,,26,,,Yes,Latino,M,,
8,Cascade Mall shooting,"Burlington, WA",9/23/2016,cosmetics section of a Macy’s department store,Close,women,terrorism,"Arcan Cetin, 20, killed a teen girl and three women in the cosmetics section of a Macy’s department store at the Cascade Mall. A man was critically wounded in the shooting and taken to Harborview Medical Center in Seattle, where he died. Cetin was apprehended by police a few hours after the shooting while driving a car near his residence. ",5,0,5,,20,,,Yes,,M,,
9,Baton Rouge police shooting,"Baton Rouge, LA",7/17/2016,,Open,police,,"Gavin Long, a former Marine who served in Iraq, killed three police offers responding to a 911 call, and wounded three others. He was killed in a shoot-out with other officers responding to the scene. Prior to the attack, Long posted prolifically on social media, where he expressed admiration for the cop killer in Dallas 10 days prior.",3,3,6,3,,,former Marine,Yes,Black,M,,
10,Dallas police shooting,"Dallas, Texas",7/7/2016,at protest,Open,police,racism,"Micah Xavier Johnson, a 25-year-old Army veteran, targeted police at a peaceful Black Lives Matter protest, killing five officers and injuring nine others as well as two civilians. After a prolonged standoff in a downtown building, law enforcement killed Johnson using a robot-delivered bomb.",5,11,16,5,25,,Army veteran,Unclear,Black,M,,
11,Orlando nightclub massacre,"Orlando, Florida",6/12/2016,at nightclub,Close,random,,"Omar Mateen, 29, attacked the Pulse nighclub in Orlando in the early morning hours of June 12. He was killed by law enforcement who raided the club after a prolonged standoff.",49,53,102,0,29,,,Unclear,Other,M,,
12,"Ferguson, MO Drive by","Ferguson, Missouri",4/29/2016,,Open,random,,A group of 15 to 20 people was gathered for a memorial for a family member when two cars drove by and opened fire. Four people were injured. No suspects or specific motive or targets.,0,4,4,0,0,,,Unknown,Unknown,Unknown,38.744217,-90.305391
13,"Forestville, Maryland Drive-by",,4/26/2016,in street,Open,,,"Shooter shot from his car at people standing on the street at 1:30 AM. Police don't believe the woman who died was the target, and do not believe the shooting was random.",1,4,5,0,,,,Unknown,Unknown,Unknown,38.845113,-76.874972
14,"Halifax County, VA",,4/24/2016,crown,Open,random,,"Male shooter fired into crown when a deputy police tried, unsuccessfully to stop him. The deputy fired on the shooter and inured him.",0,6,6,0,,,,Unknown,Black American or African American,Male,36.765971,-78.928344
15,Tire-Slashing revenge escalation,,4/21/2016,block party,Open,random,frustration,Shooter was angry over fact that rival families had been slashing each other's cars. Shooter fired into a block party and injured four.,0,4,4,0,,,,Unknown,Black American or African American,Male,39.290385,-76.612189
16,Chicago Rap video Shootout,,4/19/2016,in a park,Open,random,,Group of young men were in a park at 2 in the morning when a male walked up and shot them. One fatality. Four injuries. Shooter is unknown.,1,4,5,0,,,,Unknown,Unknown,Unknown,41.878114,-87.629798
17,Texas family murder-suicide,,4/19/2016,Home,Close,Family,domestic dispute,Man killed his wife and two young children before committing suicide. No explanation has been offered,4,0,4,0,,,,Unknown,White American or European American,Male,29.785785,-95.824396
18,Alabama highway random shooting,,4/19/2016,along a highway ,Open,random,,"Shooter fired from his car at two different locations along a highway in rural Alabama. He didn't injure any at the first shootout, but injured four at the second. He was killed by police.",1,4,4,0,,,,Yes,White American or European American,Male,34.16204,-86.475543
19,Long Beach Street murder,,4/18/2016,at street corner,Open,random,terrorism,"Group of men were standing at a street corner when someone came up and fired upon them. One man died, 3 injured. Nothing is known about the shooter.",0,3,4,0,,,,Unknown,Unknown,Unknown,33.77005,-118.193739
20,"Albuquerque, NM House party shooting",,4/9/2016,at party,Close,uninvited guests,anger,A Man shot four uninvited party guests who would not leave the party hosted by the shooter. He started firing when they broke windows and started kicking in the door.,0,4,4,0,,,,Unknown,White American or European American,Male,35.085334,-106.605553
21,"Memphis, TN gas station shooting",,4/9/2016,at gas station,Open,random,anger,Four people were shot below the waist at a gas station after an altercation broke out at a gas station.,0,4,4,0,,,,Unknown,Unknown,Unknown,35.149534,-90.04898
22,Chicago Birthday Party Bus Shooting,,4/7/2016,south shore,Open,birthday party bus,,Birthday party bus was dropping off party goers in South Shore Chicago when someone on the street started shooting at them. The bus driver drove off quickly protecting the targets. Unknown motivation. No suspects. ,0,5,5,0,,,,Unknown,Unknown,Unknown,41.878114,-87.629798
23,"Albuquerque, NM Family restaurant shooting",,4/1/2016,restaurant,Close,Family,,The shooter killed two of his nephews at the restaurant they owned. He shot and injured his brother. Then killed himself.,3,1,3,0,,,,Unknown,Asian American,Male,35.085334,-106.605553
24,"Richmond, Virginia","Richmond, Virginia",3/31/2016,bus station,Open,Trooper,frustration,"A man fatally shot a Virginia state trooper at a Greyhound bus station before the gunman was killed by other troopers. The trooper had been participating with about a dozen other troopers in a training exercise at the bus station when a brief encounter with the gunman quickly turned violent. The shooter had been sitting in the restaurant at the bus station and went to his luggage near the front entrance. He began to walk away from his bags. The trooper approached the suspect. Shortly after the two talked for a few seconds, with the suspect to the trooper�s immediate right, the shooter pulled a gun from his waistband and shot the trooper from just inches away.",2,2,3,0,,,,Unknown,Black American or African American,Male,37.540725,-77.436048
25,"Louisburg, North Carolina","Louisburg, North Carolina",3/26/2016,,,,terrorism,"Three people were killed in a shooting at a home. The shooter was on probation after being released from prison about two weeks ago. He was required to wear an ankle bracelet that monitored his whereabouts, but removed the device on Friday � the day before the shootings.",3,0,3,,,,,Unknown,Black American or African American,Male,36.099039,-78.301106
26,"Lawrenceburg, Tennessee","Lawrenceburg, Tennessee",3/25/2016,in home,Close,Family,domestic dispute,The man was suspected of shooting his wife and two sons on Friday morning at the family�s home. All three victims were initially shot inside the residence with a shotgun.,2,2,3,0,,,,Unknown,Unknown,Male,35.242302,-87.334739
27,"Greenhill, AL Family murder-suicide",,3/25/2016,home in rural Alabama,Close,Family,domestic dispute,"Husband murders his wife and injures his two sons at their home in rural Alabama, then commits suicide",2,2,3,0,,,,Yes,White American or European American,Male,34.759257,-86.602493
28,"Sherman, Texas Family Murder-Suicide","Sherman, Texas ",3/21/2016,,,Family,domestic dispute,"A man shot and killed his wife and two boys, then he turned the gun on himself.",4,0,3,0,,,,Unknown,Unknown,Male,33.635662,-96.60888
29,"Louisville, KY Family Murder-Suicide","Louisville, Kentucky",3/20/2016,Home,Close,Family,domestic dispute,A former soldier who fatally shot his wife and two children and set their house on fire before killing himself suffered from post-traumatic stress disorder following a military career that included a stint in Iraq.,4,0,3,0,,1,Military,Yes,White American or European American,Male,38.252665,-85.758456
30,"Plantation, Florida","Plantation, Florida",3/19/2016,Home,Close,party guests,,A Spring Break party in a house packed with 400 people ended in gunfire that killed one man and wounded four others.,1,4,5,0,,,,Unknown,Unknown,Unknown,26.127586,-80.233104
31,Wetumpka Drive-by,"Wetumpka, Alabama",3/19/2016,"drive-by in Wetumpka, Alabama",Open,random,terrorism,"Shooter fired 12 rounds from a semi-automatic handgun that left two dead and two critically injured in a Saturday afternoon drive-by in Wetumpka, Alabama.",2,2,4,0,,,,Unknown,Black American or African American,Male,32.543745,-86.211913
32,Atlanta Nightclub shooting,,3/15/2016,outside nightclub,Open,random,anger,Two groups of people were asked to leave a nightclub when they started arguing. They were outside the club when they started shooting. Five people were injured. ,0,4,4,0,,,,Unknown,Unknown,Unknown,33.748995,-84.387982
33,Florida Family celebration ends in shooting,,3/13/2016,,,Family,,"Family was celebrating a birthday party when a group of 12 arrived. Fight broke out, four people shot.",0,4,4,0,,,,Unknown,Unknown,Unknown,26.640628,-81.872308
34,"Elberton, Georgia murder-suicide",,3/12/2016,,Open,Family,domestic dispute,"Domestic dispute led a man to shoot his girlfriend, kill her daughter, and injure a bystander who was trying to help the girlfriend",2,2,3,0,,,,Unknown,Unknown,Male,34.111223,-82.867084
35,"Trenton, NJ sidewalk shooting",,3/11/2016,"outside of an apartment complex in Trenton, NJ",Open,random,,"A group of women were arguing on a sidewalk outside of an apartment complex in Trenton, NJ when a black Acura pulled up. Two men got out. And one shot at the women, injuring five. ",0,5,5,0,,,,Unknown,Unknown,Unknown,40.217053,-74.742938
36,Detroit Drive-by,,3/11/2016,,Open,random,,Four men were sitting on a porch when a black SUV with three passengers drove by and opened fire in broad daylight. Two of the men died and two were injured. The SUV got away and there are no suspects,2,2,4,0,,,,Unknown,Unknown,Unknown,42.331427,-83.045754
37,"Pittsburgh, Pennsylvania","Pittsburgh, Pennsylvania",3/9/2016,backyard of a house,Open,random,terrorism,"Two gunmen working as a team fatally shot five people including a pregnant woman and critically wounded two others at a backyard cookout, with one attacker using a high-velocity rifle to shoot all the victims in the head as they were driven his direction. Authorities later ruled the death of the woman�s 8-month-old fetus a homicide and raised the number of fatalities to six.",6,3,9,0,,,,Unknown,Unknown,Male,40.440625,-79.995886
38,Wilkinsburg BBQ cookout shootout,,3/9/2016,backyard of a house,Open,random,terrorism,"A family was having a cookout in the backyard of a house when two gunmen came and started shooting. There is one suspected target, but 5 people were killed, including one pregnant woman. The two gunmen fled the scene and have not been identified.",5,3,8,0,,,,Unknown,Unknown,Male,40.441736,-79.881994
39,"Kansas City, Kansas","Kansas City, Kansas",3/7/2016,Home,Close,neighbors,,"Four people were found dead Monday night in a home in Kansas City, Kansas. A fifth man was shot to death Tuesday in Missouri. The shooter lives in a house next door to the home where four people were found shot Monday night. The shooter and the neighbors are all familiar with each other.",5,0,5,0,,,,Unknown,Some other race,Male,39.114053,-94.627464
40,"Lafayette, LA drive by",,3/7/2016,drive-by on MLK boulevard in Lafayette,Open,random,,"Four people shot with non-life-threatening injuries during a drive-by on MLK boulevard in Lafayette, LA. There were multiple shooters in the Ford f-150 truck, truck fled the scene. No leads. ",0,4,4,0,,,,Unknown,Unknown,Unknown,30.22409,-92.019843
41,Kansas City Home Invasion,,3/7/2016,Home,Close,neighbors,,"Shooter killed four people at his next door neighbors house. He fled the scene, but was captured the next day, hiding in a ditch. It is seen as a random act.",4,0,4,0,,,,Unknown,Some other race,Male,39.114053,-94.627464
42,"Chelsea, MA empty apartment party shooting","Chelsea, Massachusetts",3/6/2016,apartment in Chelsea,Close,party guests,terrorism,"Shooter fired upon party of ~50 people at an empty apartment in Chelsea, MA. 1 dead. 6 wounded. Shooters step brother was among those shot",1,6,7,0,,,,Unknown,Some other race,Male,42.391764,-71.032828
43,"Roswell, GA Hookah shootout",,3/6/2016,,Open,random,anger,"Altercation in a hookah bar led a group of seven people to leave in a mini-van. They were followed. When the car stopped, the shooter fired upon the car. Four of the seven sustained non-life-threatening injuries. ",0,4,4,0,,,,Unknown,Black American or African American,Male,34.023243,-84.361556
44,Wichita Nightclub shooting,,3/5/2016,outside the club,Open,random,anger,Altercation led to group of people getting kicked out of a club. Shooting took place around 1am outside the club. Four injured. ,0,4,4,0,,,,Unknown,Unknown,Unknown,37.687176,-97.330053
45,Detroit Strip Club Shootout,,2/28/2016,outside the club,Open,club members,anger,"Man apparently inappropriately touched a stripper. He was asked to leave. He waited outside, then shot the stripper and four other people.",0,5,5,0,,,,Unknown,Black American or African American,Male,42.331427,-83.045754
46,Riverside restaurant shooting,,2/28/2016,restaurant parking,Open,random,,Shooter fired upon group of people in a restaurant parking lot,1,3,4,0,,,,Unknown,Some other race,Male,33.997197,-117.48548
47,"Woodbridge, Virginia","Woodbridge,  Virginia",2/27/2016,outside the house,Open,random,,"On Saturday of February 27th, three officers arrived to investigate a domestic dispute call, the shooter fired a rifle from the front door of his home, striking all three. Inside the house, police found his wife dead in a bedroom.",2,2,4,3,,,,Unknown,Black American or African American,Male,38.6697,-77.3524
48,"Belfair, Washington","Belfair, Washington",2/26/2016,Home,Close,Family,domestic dispute,"At around 9am on Friday morning, a man phoned an officer with the Mason County Sheriff's Office to say that he had shot his family and was going to kill himself next. The man was flushed out of his house when the SWAT team fired tear gas inside. He walked outside and shot himself in front of the officers who were gathered in front of the property. The shooter killed his wife, her two teenage sons and a neighbor.",5,0,4,0,,,,Unknown,White American or European American,Male,47.5033,-122.931
49,Excel Industries mass shooting,"Hesston, Kansas",2/25/2016,workplace,Close,random,,"Cedric L. Ford, who worked as a painter at a manufacturing company, shot victims from his car and at his workplace before being killed by police at the scene. Shortly before the rampage he had been served with a restraining order.",3,14,17,0,,1,manufacturing company,Unclear,Black,M,,
50,"Hesston, Kansas","Hesston, Kansas",2/25/2016,,Open,random,psycho,"On Friday, 90 minutes after receiving a court order over domestic violence, the man returned to the factory for the shooting spree.The man who wounded three people before storming into the central Kansas the lawn mower factory where he worked and shooting 14 others, killing three of them, had just been served a protection from abuse order that likely triggered the attack. Police say they believe the man fired at random while he was returning to his workplace.",4,14,17,0,,1,factory,Unknown,Black American or African American,Male,38.1368,-97.4268
51,"Belfair, WA Family murder-suicide",,2/25/2016,Home,Close,Family,psycho,"Man killed wife, two kids, and neighbor before calling the cops to tell them he did something bad. They fired tear gas to get him outside. He came out and shot himself in the head.",5,0,4,0,,,,Unknown,White American or European American,Male,47.451459,-122.826946
52,Arizona Family Murder,"Glendale, Arizona",2/23/2016,Home,Close,Family,psycho,Son shot his parents and two sisters in their Phoenix home. Police arrive because the house was on fire. Police shot and killed the shooter.,5,0,4,0,,,,Unknown,White American or European American,Male,33.448377,-112.074037
53,Missouri Highway shooting,,2/21/2016,interstate in Hazelwood,Open,random,,"Car was fired upon from a stolen Mercedes on the interstate in Hazelwood, MO. One woman died. 3 Injured.",1,3,4,0,,,,Unknown,Black American or African American,Male,38.77144,-90.370949
54,Houston Drive-by,,2/21/2016,,Open,random,,"Group of people was fired upon by an unknown number of people in a dark SUV and a white Ford Truck. Five people, including a baby, were injured.",0,5,5,0,,,,Unknown,Unknown,Unknown,29.760427,-95.369803
55,Kalamazoo shooting spree,"Kalamazoo County, Michigan",2/20/2016,restaurant parking,Open,random,,"Jason B. Dalton, a driver for Uber, apparently selected his victims randomly as he went on a rampage over several hours in three different locations, including five people he shot in the parking lot of a Cracker Barrel restaurant. He was ""arrested without incident"" at a downtown Kalamazoo bar about six hours after the rampage began.",6,2,8,0,,1,uber,Unclear,White,M,,
56,"Iuka, Mississippi","Iuka, Mississippi",2/20/2016,outside the house,Open,Policeman,domestic dispute,"Law enforcement officers in northeastern Mississippi stormed a house Saturday after an hours-long standoff with a gunman holed up inside, leading to a shootout that left one officer dead and three others wounded.The standoff started Friday afternoon when authorities responded to a domestic dispute call at the home near Iuka. But the man, holed up in his home with his wife and 10-year-old daughter, refused to come out, sparking the standoff with officers outside. The man suspected of firing on the officers was also killed.",2,3,4,1,,,,Unknown,White American or European American,Male,34.7404,-88.1383
57,Florida Hookah Bar Shooting,,2/20/2016,hookah bar parking,Open,random,anger,"Argument led to gun shots in the parking lot outside of a hookah bar in Tampa, Florida",1,3,4,0,,,,Unknown,Unknown,Unknown,27.950575,-82.457178
58,Kalamazoo Uber Driver Spree Killing,,2/20/2016,,Open,random,,An Uber driver fired upon people in three locations over the course of about 6 hours.,6,2,8,0,,1,uber,No,White American or European American,Male,42.291707,-85.587229
59,"Vallejo, CA car shooting",,2/19/2016,,Open,random,,"Two suspects shot at a car and killed one person outright, and the second victim died in the hospital. Two others injured. No leads on suspects.",2,2,4,0,,,,Unknown,Unknown,Unknown,38.104086,-122.256637
60,Michigan school shooting,,2/9/2016,outside gym,Open,random,psycho,"Shooter was a part of a fight outside of a high school gym. He fired at a crowd, injuring three. He fled the scene and was confronted by a police officer. When he wouldn't drop his weapon, the police officer shot and injured him.",0,3,3,0,,,,Unknown,Black American or African American,Male,43.201126,-86.238946
61,"Orlando, Florida","Orlando, Florida",2/7/2016,nightclub,Close,random,terrorism,Two people were killed and several others were hurt in a mass shooting inside an Orlando nightclub early Sunday morning.,2,10,12,0,,,,Unknown,Some other race,Male,28.4541,-81.4646
62,Nightclub fight turns into shootout,,2/7/2016,nightclub,Close,random,anger,"Two groups of people fired at each other after a fight broke out outside of the Mexican Village Nightclub in Rochester, NY",1,7,8,0,,,,Unknown,Unknown,Unknown,43.16103,-77.610922
63,"Tampa, FL Strip club shooting",,2/6/2016,strip club,Close,random,,"Fighting broke out in a strip club when an unknown shooter starting firing. One person died on the scene, and one died later. Six were injured.",2,6,8,0,,,,Unknown,Unknown,Unknown,27.950575,-82.457178
64,"Los Angeles, CA street shooting",,2/6/2016,,Open,random,,"Police were called to a street to investigate an assault case. One hispanic man lay dead on the street. Two other adult males, and a young female were injured.",1,3,4,0,,,,Unknown,Unknown,Unknown,34.052234,-118.243685
65,Texas teen commits family murder suicide,,2/6/2016,,Close,Family/Neighbors,psycho,19-year-old male kills his mother and two neighbors before killing himself. Motive is unclear.,4,0,3,0,,,,Unknown,White American or European American,Male,29.209684,-99.786168
66,New Orleans gas station shoot-out,,1/31/2016,gas station,Open,random,anger,"Altercation broke out at a gas station in New Orleans, when the shooter shot and injured 3 people. One of the victims returned fire and injured the instigator.",0,3,3,0,,,,Unknown,Black American or African American,Male,29.951066,-90.071532
67,"Glendale, AZ House Party shooting",,1/30/2016,Home,Close,random,anger,"Altercation broke out at a house party. A group of five hispanics were asked to leave. They got in a car, and as they drove away, opened fire on the house.",3,5,8,0,,,,Unknown,Unknown,Male,33.538652,-112.185987
68,"Caroline County, VA Family Murder Suicide",,1/29/2016,,,Family,psycho,"42-year-old husband murders wife, shoots two young family members, then shoots himself in the head.",2,2,3,0,42,,,Unknown,Unknown,Male,38.044556,-77.286488
69,"Chesapeake, Virginia","Chesapeake, Virginia",1/27/2016,Home,Close,Family,psycho,"A Virginia man shot his brother dead in their family home, then killed four other relatives in a nearby house before turning the gun on himself Wednesday. He killed his brother in their house around 3:35 p.m. He then went to the house belonging to his grandmother and murdered more relatives ? father, mother, sister, and an unidentified female.",6,0,5,0,,,,Yes,White American or European American,Male,36.7921,-76.3293
70,"Perris, CA Mexican restaurant shooting",,1/25/2016,restaurant,Close,random,,Very little is known about the case. Cops were called to a Mexican restaurant. 1 person was pronounced dead at the scene. 4 others were taken to a hospital.,1,4,5,0,,,,Unknown,Unknown,Male,33.782519,-117.228648
71,Florida family murder,,1/23/2016,,,Family,,"A young man shot his mother, step-father, and his ex-girlfriend's boyfriend",3,0,3,0,,,,Unknown,White American or European American,Male,30.754181,-86.572799
72,Los Angeles Drive-by,,1/23/2016,outside of liquor store,Open,random,terrorism,"Group of people was standing outside of a Liquor store on Avalon boulevard in South Los Angeles. A car drove by and fired an AK-47, killing 1 and wounding 3.",2,2,4,0,,,,Unknown,Unknown,Unknown,34.052234,-118.243685
73,"Gloucester County, VA, House Party",,1/17/2016,Home,Close,party guests,,"A young woman threw a house party for her birthday. It got very crowded. The shooter came and shot four people, killing one. There is some disagreement about his relation to the rest of the people at the party",1,3,4,0,,,,Unknown,Black American or African American,Male,37.40264,-76.458559
74,"Wilmington, DE robbery",,1/11/2016,Home,Close,random,,"Two men forcefully entered a house, and started shooting the people inside. One of the robbers was killed. Four other people injured.",1,4,5,0,,,,Unknown,Black American or African American,Male,39.739072,-75.539788
75,"Roadside in Memphis, Tennessee",,1/7/2016,,Open,random,,A woman flagged down a car to help her with her car troubles at the side of the road. An 18-year-old got out to help. The two suspects got out of another car and fired on the scene.,1,3,4,0,,,,Unknown,Unknown,Unknown,35.149534,-90.04898
76,"Residence in Lakeland, Florida",,1/6/2016,Home,Close,drug dealer,,Two men arrived at the house of a drug dealer and killed three people and critically injured one more.,3,1,4,0,,,,Unknown,Black American or African American,Male,28.039465,-81.949804
77,"Omaha, Nebraska","Omaha, Nebraska",12/6/2015,,,random,,A woman and her two year old daughter were shot and killed Sunday. Three other women are still fighting for their lives following the shooting.  The suspect turned himself into police on Tuesday morning.,2,3,5,0,,,,Unknown,Black American or African American,Male,41.3138,-96.0814
78,San Bernardino mass shooting,"San Bernardino, California",12/2/2015,Christmas Party,Close,random,terrorism,"Syed Rizwan Farook left a Christmas party held at Inland Regional Center, later returning with Tashfeen Malik and the two opened fire, killing 14 and wounding 21, ten critically. The two were later killed by police as they fled in an SUV.",14,21,35,0,,,,Unclear,Other,M/F,,
79,"San Bernardino, California","San Bernardino, California",12/2/2015,conference room,Close,party guests,terrorism,"On Wednesday of December 2, 2015, two gunmen entered a conference room on the Inland Regional Center property, killing 14 people, and injuring 21 people. The facility was rented by the San Bernardino County Department of Public Health for a holiday party. The shooter was at the party but left abruptly before the shooting. He seemed angry, witnesses told police. He returned and along with his wife, he went into the building and began firing. The man was an inspector with the county health department that hosted the party. ",16,21,35,0,,1,county health department,Unknown,Asian American,Male/Female,34.13973446,-117.2942444
80,Planned Parenthood clinic,"Colorado Springs, Colorado",11/27/2015,health clinic,Close,random,,"police were called to a street to investigate an assault case. One hispanic man lay dead on the street. Two other adult males, and a young female were injured.",3,9,12,1,57,,,Unclear,White,M,,
81,"Columbus, Ohio","Columbus, Ohio",11/23/2015,Home,Close,neighbors,,"On Monday of November 23, 2015, three of four members of a family were shot and killed and a 12-year-old girl wounded at their home. The suspect died after being shot by police. The shooter was a once friendly neighbor of the victims.",4,1,4,0,,,,Unknown,White American or European American,Male,39.98861445,-82.98904135
82,"Minneapolis, Minnesota","Minneapolis, Minnesota",11/23/2015,Black Lives Matter encampment,Open,protestors,racism,"Five protesters were shot late Monday night near the Black Lives Matter encampment. A group of white supremacists showed up at the protest, and when about a dozen protesters attempted to herd the group away from the area, they opened fire on the protesters. Protesters have been camping out in front of the 4th Precinct since Nov. 15",0,5,5,0,,,,Unknown,White American or European American,Male,44.96358722,-93.26783687
83,"Tennessee Colony, Texas","Tennessee Colony, Texas",11/15/2015,private campsite,Open,random,,"On Sunday of November 15, 2015, six people are dead after a weekend homicide at a private campsite. The bodies of a man and woman were found in a travel trailer. The bodies of four males, who were initially considered missing, were later recovered about 1:15 p.m. Monday in a pond on the suspect's residence. ",6,0,6,0,,,,Unknown,White American or European American,Male,31.8076,-95.8069
84,"Jacksonville, Florida","Jacksonville, Florida",11/13/2015,Home,Close,Family,domestic dispute,"On Friday of November 13, 2015,The former military member walked into his Northside, Florida, home and shot his girlfriend, their twin babies, and girlfriend's father before shooting himself. The shooter had a history of domestic violence.",4,1,4,0,,,former military,Unknown,Black American or African American,Male,30.33216122,-81.67576993
85,"Waycross, GA","Waycross, Georgia",11/7/2015,,,Family,psycho,"On Saturday of November 7, 2015,a pregnant mother of two was killed in a violent rampage early Saturday along with her unborn child. Both of her toddlers were also shot. The shooter is the father of one of the small children.",1,2,3,0,,,,Yes,Black American or African American,Male,31.21094544,-82.35793452
86,"Oakland, Maine","Oakland, Maine",11/4/2015,Home,Close,Family,domestic dispute,"A gunman shot his girlfriend,  his girlfriend's sister and her boyfriend to death in a Central Maine apartment building, leaving a young girl unharmed on the first floor before turning the weapon on himself. They all shared the brown clapboard home, which was divided into two apartments. The gunman and his girlfriend lived in the upstairs room of the apartment while the two other victims (his girlfriend's sister and her boyfriend) lived in the downstairs with their 3 year old daughter. All three victims were found on first floor.",4,0,3,0,,,,Unknown,Unknown,Male,44.54994725,-69.70782299
87,Colorado Springs,"Colorado Springs, Colorado",10/31/2015,sidewalk,Open,random,terrorism,"In the morning of October 31, 2015, three victims were shot and killed on the streets and sidewalks of the neighborhood.The gunman died in a shootout with police. A witness described he was walking in the street with two guns, walking calmly. The shooter killed a bicyclist and two women at a nearby location.",4,0,3,0,,,,Unknown,White American or European American,Male,38.86730659,-104.7572279
88,"Colerain Township, Ohio","Colerain Township, Ohio",10/21/2015,Colerain Township,,Family,,"A man killed his two teenage sisters and injured another teen in Colerain Township, Ohio, in the early hours of Tuesday, Oct. 21, 2015.",2,1,3,0,,,,Unknown,White American or European American,Male,39.253268,-84.599655
89,Northern Arizona University at Flagstaff Campus,"Flagstaff, Arizona",10/9/2015,Northern Arizona University,Open,Students,anger,"On Friday of October 9, 2015, one person is dead and three are wounded after an early morning shooting on Northern Arizona University's campus. An overnight confrontation between two groups of students escalated into gunfire. The shooter is a freshman of Northern Arizona University.",1,3,4,0,,,,Unknown,White American or European American,Male,35.1725658,-111.6585435
90,Umpqua Community College,"Roseburg, Oregon",10/1/2015,Community College Classroom,Close,Students,terrorism,"On Monday of October 1, 2015, a gunman opened fire at a rural Oregon community college Thursday. 9 people were dead and seven wounded, three critically, before dying in a shootout with police. First, a shot came through the window and hit the teacher in the head  in a freshman writing class. The gunman then entered the Snyder Hall classroom and told people to get on the floor. He told people to stand up and state their religion before opening fire.",10,7,16,0,,,,Unknown,Two or more races,Male,43.22205555,-123.3522367
91,"Inglis, Florida","Inglis, Florida",10/1/2015,,Open,Ex-Wife,anger,"A man 57-year-old man shot and killed his wife, injured her boyfriend, and killed a Good Samaritan 68-year-old man as he rushed to protect children who were playing near the town hall before taking his life. The shooter's couple had been married for 35 years when they separated, and the shooter's wife had left her husband for her new boyfriend.",3,1,3,0,57,,,Unknown,White American or European American,Male,29.03270634,-82.65919302
92,Hill Haven Event Center (Formerly Club CJ's),"Greenville, Georgia",9/27/2015,Club,Close,random,,A shooting at a club in Meriwether Co. early Sunday injured 10 people after witnesses say gun fire was exchanged that stemmed from alleged illegal gambling.,0,10,10,0,,,,Unknown,Black American or African American,Male,33.02912644,-84.7143335
93,"Platte, South Dakota","Platte, South Dakota",9/17/2015,Home,Close,Family,,"The six members of a South Dakota family found dead in the ruins of their burned home were fatally shot, with one death believed to be a suicide. All six members of the shooter's family died of shotgun wounds.",6,0,5,0,,,,Unknown,White American or European American,Male,43.38682722,-98.84357239
94,"Clearbrook (Greenwood), Minnesota","Clearbrook (Greenwood), Minnesota",9/10/2015,Home,Close,random,,"Five family members - two adults and three children - were found dead in a home on Thursday, September 10 in an apparent murder-suicide. The shooter, a nurse, founded the website AllNurses.com, which provides information and resources for and about the nursing profession.",5,0,4,0,,1,,Yes,White American or European American,Male,47.69618799,-95.42844094
95,"Bristol, Tennessee","Bristol, Tennessee",8/29/2015,,,Family,psycho,"The shooter shot and killed his mother, stepfather, and grandmother in a matter of seconds on Saturday night.",3,1,4,0,,,,Unknown,White American or European American,Male,36.55605824,-82.21429551
96,Virginia WDBJ live TV interview shooting,"Roanoke, Virginia",8/26/2015,Outdoor Shopping Mall,Open,Coworkers,psycho,"Wednesday morning on August 26, 2015, a former employee of a Virginia TV news station waited until two of his former colleagues were live on air presenting a local tourism story at an outdoor shopping mall, then filmed himself raising a gun and shooting them both dead. A third victim survived the attack. He uploaded the videos to Twitter before committing suicide.",3,1,3,0,,1,Virginia TV,Unknown,Black American or African American,Male,37.27823366,-79.95816104
97,Parking lot near Boys and Girls Club,"Rochester, New York",8/19/2015,Genesee Street,Open,random,,"Around 11:20 p.m. Wednesday on Genesee Street, a gunman shot into a crowd that gathered outside the Rochester Boys and Girls Club after a basketball game, killing three people and wounding four others. 
Drive-by, Gang involvement",3,4,7,0,,,,Unknown,Black American or African American,Male,43.1696837,-77.614337
98,"Houston, Texas","Houston, Texas",8/8/2015,Home,Close,Ex-Girlfriend,revenge,A family of six children and two parents were handcuffed and fatally shot in the head at a Houston home by a man with a violent criminal history who had previously been in a relationship with the mother and had a dispute with her.,8,0,8,0,,,,Unknown,Black American or African American,Male,29.79705548,-95.36763856
99,"Grand 16 Theatre, Louisiana","Lafayette, Louisiana",7/23/2015,Movie Theatre,Close,random,,"On July 23, 2015, a shooting occurred at The Grand 16 Theater movie theater in Lafayette, Louisiana. The shooter opened fire during a showing of the film Trainwreck, killing two people and injuring nine others before he committed suicide.",3,9,11,0,,,,Yes,White American or European American,Male,30.21233538,-92.0316453
100,Suwanee,"Suwanee, Georgia",7/22/2015,Home,Close,Family,psycho,A gunman killed his wife and her two young children inside a suburban Georgia home early Wednesday before fatally shooting himself.,4,1,4,0,,,,Unknown,White American or European American,Male,34.05057545,-84.06872262
101,"Amnicola Training Center, Chattanooga","Chattanooga, Tennessee",7/16/2015,military facilities,Open,Marines,terrorism,"Four Marines were shot dead Thursday after a gunman brazenly opened fire on two  military facilities in Chattanooga, Tennessee. The shooter was also killed and three people including a police officer were injured.",5,3,7,0,,,,Yes,White American or European American,Male,35.09318123,-85.23676751
102,River Forest,"River Forest, Illinois",7/12/2015,river forest,Open,Family,domestic dispute,Two people including the shooter are dead and three others were wounded following what began as a domestic violence incident in River Forest on Sunday morning. Two police officers were among those wounded by gunfire in the incident.,2,3,4,0,,,,Unknown,Unknown,Male,41.89499946,-87.81941392
103,Boom Boom Room,"Morven, North Carolina",6/20/2015,Club,Close,random,anger,"Two men were arguing in a club called the Boom Boom Room Saturday morning around 2:45. When they started shooting at each other, four bystanders were caught in the crossfire. One of shooters was arrested later, and the other turned himself in on Tuesday, June 23, 2015.",0,4,4,0,,,,Unknown,Black American or African American/Unknown,Male,34.86379864,-79.9996781
104,Charleston Church Shooting,"Charleston, South Carolina",6/17/2015,Church,Close,random,terrorism,"Dylann Storm Roof, 21, shot and killed 9 people after opening fire at the Emanuel AME Church in Charleston, South Carolina. According to a roommate, he had allegedly been “planning something like that for six months.""",9,1,10,0,21,,,unknown,White,Male,32.788387,-79.933143
105,Miami Gardens,"Miami Gardens, Florida",6/16/2015,birthday party,,party guests,,"The shooter opened fire when fight broke out during birthday party around 5:30 p.m. The man pulled out a gun and opened fire, hitting four people.",0,4,4,0,,,,Unknown,Black American or African American,Male,25.94326707,-80.24253243
106,Trestle Trail bridge shooting,"Menasha, Wisconsin",6/11/2015,,,random,,"Sergio Valencia del Toro, 27, in what officials say was a random act, shot and killed three people including an 11-year-old girl before turning the gun on himself.",3,1,4,0,27,,,Yes,Latino,M,,
107,Deer Lodge,"Deer Lodge, Montana",6/7/2015,,Close,Family,,"The man shot and killed his wife and three children, set a fire in the family's remote cabin and then killed himself.",5,0,4,0,,,,Unknown,White American or European American,Male,46.39761858,-112.7329333
108,Cleveland,"Cleveland, Ohio",5/31/2015,Home,Close,Ex-girlfriend,psycho,"On May 31, 2015, the shooter entered his ex-girlfriend's home and found his ex-girlfriend and her grandfather upstairs, shooting and killing both. He then took his own life.",3,1,3,0,,,,Unknown,Unknown,Male,41.47657557,-81.68051502
109,Conyers,"Conyers, Georgia",5/31/2015,liquor store,Close,random,psycho,"On May 31, 2015, the shooter entered the business just before 5 pm and open fire. He appeared to randomly shoot at anyone in his path but turns and leaves the building when an armed citizen off-camera returns fire. After the shooter left the liquor store, he  returned to his parents' home and shot and wounded them both. ",3,2,4,0,,,,Unknown,White American or European American,Male,33.66086267,-84.02688527
110,Club Maxey's,"Decatur, Illinois",5/25/2015,Club,Close,random,revenge,"On May 25, 2015, the shooter was attending a rap concert at a venue called Club Maxey Monday when he and the victim got into an altercation.  The four other people were wounded.",1,4,5,0,,,,Unknown,Black American or African American,Male,39.85566372,-88.93346458
111,Tucson,"Tucson, Arizona",5/12/2015,,,Family,psycho,"On May 12, 2015, the man gunned down four of his family members, including his 17-year-old niece, before fatally shooting himself in a murder-suicide.",5,0,4,0,,,,Yes,Unknown,Male,32.15358905,-110.9677647
112,Annual motorcycle event in Newark,"Newark, New Jersey",5/10/2015,opening of motorcycle season,Open,random,terrorism,"The shooting occurred during an annual event marking the opening of the motorcycle season. More than 2,000 people were in attendance when gunfire erupted at South 16th Street and 19th Avenue just before 8 p.m. Sunday. High school football star Al-Shakeem Woodson was shot and killed and three other people were wounded in the shooting.
The shooting was a result of a long-running feud between two other against the shooter and the 16-year-old.",1,3,4,0,,,,Unknown,Black American or African American,Male,40.73169648,-74.18417699
113,Fox Cities Trestle Trail bridge over Little Lake Butte des Morts,"Menasha, Wisconsin",5/3/2015,bridge,Open,random,,"On May 3, 2015, an argument with his ex-fiance likely motivated a university student to randomly shoot four people  on a bridge at a park Sunday night, three fatally. Then  the gunman also shot and killed himself.",4,1,4,0,,,,Yes,Unknown,Male,44.20455909,-88.4484585
114,Milwaukee,"Milwaukee, Wisconsin",5/1/2015,street,Open,random,domestic dispute,"dylann Storm Roof, 21, shot and killed 9 people after opening fire at the Emanuel AME Church in Charleston, South Carolina. According to a roommate, he had allegedly been “planning something like that for six months.""",2,3,5,0,,,,No,Unknown,Male,43.06420322,-87.96724385
115,Gates Pub,"Gates, New York",4/25/2015,Gates Pub,Close,random,terrorism,"On early Saturday morning of April 25, the man opened fire inside the Gates Pub. Seven people were shot, one of them was killed.",1,6,7,0,,,,Unknown,Black American or African American,Male,43.15693027,-77.69300856
116,Killeen,"Killeen, Texas",4/21/2015,Village West Apartments,Close,random,,"On April 21, 2015, the man fatally shot two women and wounded three others at the Village West Apartments. ",2,3,5,0,,,,Unknown,Black American or African American,Male,31.07925506,-97.73392317
117,Phoenix,"Phoenix, Arizona",4/16/2015,,,Family,,"On April 16, 2015, a man who had been in a business dispute with his two brothers shot and killed them with his mother and one of their wives before taking his own life.",5,0,4,0,,,,Unknown,Some other race,Male,33.57145875,-112.0904854
118,Rome,"Rome, Georgia",4/7/2015,street,Open,random,,"On April 7, 2015, the man entered 20 Copeland St. about 11:10 p.m. Tuesday and demanded cash from one of victim. The man then fired a handgun at the victim, killing him. Police said at least two men intended to rob people at the Copeland Street home.",1,3,4,0,,,,No,Black American or African American,Male,34.26779152,-85.18822422
119,Indianapolis,"Indianapolis, Indiana",4/5/2015,Home,Close,random,,"On Sunday  evening of April 5, three suspects entered the apartment, fired multiple shots, and then fled the scene. Five people were injured, three of them were children. One of three suspects was arrested.",0,5,5,0,,,,No,Unknown,Male,39.77725479,-86.14635359
120,Daytona Beach,"Daytona Beach, Florida",4/3/2015,Home,Close,random,,"On April 3, 2015, four people were shot early Friday morning at a house party near Bethune-Cookman University in Daytona Beach. Four Bethune-Cookman University students were shot after the alleged gunman was kicked out of a house party about four blocks from the campus in Daytona Beach. The escaped suspect surrendered on April 6, 2015.",0,4,4,0,,,,No,Black American or African American,Male,29.19313443,-81.10173014
121,Tulsa,"Tulsa, Oklahoma",3/30/2015,Home,Close,Family,,"On March 30, 2015, police discovered four bodies of a family, including two young boys, inside a home in Tulsa, Oklahoma on Wednesday in what appeared to be a murder-suicide. Officers discovered the bodies Wednesday afternoon as they conducted a welfare check requested by the mother's employer who was concerned after the woman failed to show up for work or call in sick for two days. A handgun was found near the father's body. ",4,0,3,0,,,,Unknown,Asian American,Male,36.13543238,-95.91316117
122,Panama City Beach,"Panama City Beach, Florida",3/28/2015,Home,Close,party guests,,"On March 28, 2015, seven people were wounded, several critically, in a shooting at a Spring Break house party early Saturday. The shooter was arrested after the shooting.",0,7,7,0,,,,No,Black American or African American,Male,30.22540212,-85.87371301
123,Little Water,"Little Water, New Mexico",3/19/2015,,,Policeman,psycho,"On March 19, 2015, police officer was shot and killed after responding to a domestic violence situation. The shooter was holding his family hostage and allegedly pistol-whipped his wife and mother. The suspect led police on a 40-mile chase from New Mexico to Arizona before he was shot and killed.",2,2,3,1,,,,Unknown,Unknown,Male,36.44329,-108.723281
124,Mesa,"Mesa, Arizona",3/18/2015,,Open,random,,"On March 18, 2015, the shootings started with an argument inside a motel room that spilled outside, one man dead and two women wounded. The gunman then shot another man who was working at a nearby restaurant. The gunman got away from the restaurant by carjacking the school instructor's car. The man then went to an apartment complex about 2 miles away, and shot another man. Another man was found in a neighboring apartment building with multiple gunshot wounds.",1,5,6,0,,,,No,White American or European American,Male,33.42268696,-111.8163202
125,Cottonwood,"Cottonwood, Alabama",3/15/2015,Home,Close,Family,,"On Sunday night of March 15, the man broke into a house and killed two people including his wife and shot another person before turning the gun on himself.",3,1,3,0,,,,No,White American or European American,Male,31.0549687,-85.30100084
126,Brookhaven,"Brookhaven, Mississippi",3/13/2015,Home,Close,House Owner,,"On early Friday morning of March 13, the man accused of shooting  the owners of a house, killing the two and critically injuring the other three. The man rented a room in the house. The man and the house owner had argued about something, and the man pulled out a gun and started shooting. He was found dead on Saturday, May 31, 2015 in his cell.",2,3,5,0,,,,Unknown,Black American or African American,Male,31.58036482,-90.44323475
127,Tarboro,"Tarboro, North Carolina",2/28/2015,Barber Shop,Open+Close,random,terrorism,"On Saturday afternoon of February 28, 2015, one of the fatal shootings happened at the Master's Touch barber shop around 1 p.m. Another shooting  happened at a nearby mobile home park. A woman and man were shot in that encounter. Police later shot and killed the suspected gunman after they tracked down the suspect. ",4,0,3,0,,,,Yes,Black American or African American,Male,35.90434471,-77.55639964
128,Birmingham's Washington Park,"Birmingham, Alabama",2/27/2015,street,Open,Friends,psycho,"On February 27, 2015, the online Facebook brawl between two groups of friends spilled out into the streets with a planned videotaped fight.  After the melee ensued, two teenage males pulled out guns and started shooting at the girls. The shots killed 14-year-old girl and wounded two others.",1,2,3,0,,,,No,Black American or African American,Male,33.5282865,-86.79550448
129,Tyrone,"Tyrone, Missouri",2/26/2015,Home,Close,Family,psycho,"Late night on February 26, a man entered the home of two of his cousins and shot them. Their daughter escaped the home and called the police. The shooter proceeded to four other nearby residences, killing two more of his cousins and three other acquaintances. The shooter then drove to another county and killed himself in his car. The shooter's mother, who lived with the shooter, was found dead from lung cancer in her home.",8,1,8,0,,,,No,White American or European American,Male,37.204442,-91.876583
130,Charlotte,"Charlotte, North Carolina",2/24/2015,Home,Close,Contestant,,"On February 24, 2015, ""America's Next Top Model"" contestant was killed in a triple homicide at her boyfriend's home.",3,0,3,0,,,,No,Some other race,Male,35.226354,-80.836788
131,Clarkesville,"Clarkesville, Georgia",2/22/2015,Home,Close,Ex-Wife,,"On February 22, 2015, A former police officer fatally shot his ex-wife and her friend, then wounded a local sheriff and a deputy at his ex-wife's home on Sunday before he was killed by the return fire from law enforcement.",3,2,4,0,,,,No,White American or European American,Male,34.61025711,-83.52918091
132,Killeen,"Killeen, Texas",2/22/2015,,,random,,"On Sunday night of February 22, Fort Hood soldier opened fire on three people, killing two and injuring one before forcing his wife into another home, where he killed her and then himself. ",4,1,4,0,,1,Fort Hood,No,Black American or African American,Male,31.07925506,-97.73392317
133,Chapel Hill,"Chapel Hill, North Carolina",2/10/2015,Home,Close,neighbors,anger,"On the evening of Feb. 10, 2015, a man entered the apartment of three Muslim students with whom he had an ongoing dispute about parking space. The man was a fellow resident of the apartment complex. He shot all three people in the head, killing them. ",3,0,3,0,,,,No,White American or European American,Male,35.92681467,-79.03850407
134,Moon Lake,"New Port Richey, Florida",2/9/2015,Home,Close,random,terrorism,"Early morning on Feb. 9, 2015 two shooters with significant criminal records entered a house Moon Lake and shot the four residents of the house. Three of the victims were killed and the fourth was injured and escaped the house after the shooters left. The shooters escaped and were arrested a week later.",3,1,4,0,,,,No,White American or European American/Some other Race,Male/Female,28.24653304,-82.71690259
135,Monroeville Macy's,"Monroeville, Pennsylvania",2/7/2015,Shopping Mall,Close,random,,"On the evening of Feb. 7, 2015, a teenager entered Macy's at the Monroeville Mall, approached a man and spoke briefly with him. Then he shot him and two bystanders. The shooter left the scene, but was arrested the next morning.",0,3,3,0,,,,No,Black American or African American,Male,40.4257455,-79.76092565
136,Douglasville,"Douglasville, Georgia",2/7/2015,Home,Close,Family,psycho,"On February 7, 2015, a man entered the house of his ex-wife and shot her, two of their children, her boyfriend, and wounded two of her children. He then went onto the street and shot himself.",5,2,6,0,,,,No,Black American or African American,Male,33.71059292,-84.71564276
137,"King, North Carolina","King, North Carolina",2/4/2015,,,random,psycho,"A Couple and their sons were found shot to death in their mobile home on Wednesday, February 4. 2015. All four family members were found shot in the head. The shooter shot his wife and two boys before killing himself.",4,0,3,0,,,,Unknown,White American or European American,Male,36.27617912,-80.35501402
138,McAvan's Pub,"Syracuse, New York",2/1/2015,Pub,Close,Ex-Girlfriend & Family,revenge,"Shortly after midnight on February 1, 2015, a man forced his ex-girlfriend at gunpoint to bring him to McAvan's Pub, where a birthday party with her relatives was taking place. The woman's brother attempted to separate her from her companion, at which point the man opened fire, injuring six people including his ex-girlfriend's brother.",0,6,6,0,,,,No,Black American or African American,Male,43.04093416,-76.14376763
139,LaGrange,"LaGrange, Georgia",1/28/2015,Home,Close,Family,psycho,"On January 28, 2015, in a Georgia home, a man shot three family members and one friend, and strangled his daughter in law. All five died. He left town with the family's dog, and police arrested him several days later.",5,0,5,0,,,,No,White American or European American,Male,33.03607062,-85.0287065
140,Queens,"New York City, New York",1/24/2015,Home,Close,Family,psycho,"Early in the morning of January 24, 2015, a man shot his two daughters, wife, and mother-in-law, killing all but one of his daughters. The shooter  then went to his car and shot himself.",4,1,4,0,,,,No,Black American or African American,Male,40.68996411,-73.8720502
141,Omaha,"Omaha, Nebraska",1/24/2015,Party Outside Home,Open,random,terrorism,"On the morning of January 24, 2015, two shooters opened fire at a party outside a home in Omaha. Three were killed and five others were injured. One of the suspected shooters was arrested, but the other has not been identified. Possibly gang-related.",3,5,8,0,,,,No,Black American or African American,Male,41.265922,-96.05381421
142,Moscow,"Moscow, Idaho",1/10/2015,Home+Restaurant,Close,random,psycho,"On Friday, January 10, 2015, a man shot his adoptive mother in her house, walked to his landlord's nearby office and shot and killed him and injured another person in the office. He then drove to an Arby's that his parents frequented, asked to see the manager, and shot and killed her. ",3,1,4,0,,,,No,Asian American,Male,46.73059479,-116.9990042
143,Memphis,"Memphis, Tennessee",1/1/2015,,Open,party guests,anger,"On Jan. 1, 2015, 25 people were on a party bus that was shot at by people in two vehicles that followed the bus. At least one of these men had been in a verbal argument with one of the bus' passengers at a club where the party bus had stopped just before the shooting.",0,5,5,0,,,,No,Black American or African American,Male,35.10528976,-89.97734924
144,"Pennsburg, Souderton, Lansdale, Harleysville","Pennsburg, Souderton, Lansdale, Harleysville, Pennsylvania",12/15/2014,Multiple Homes,Close,Ex-Wife & Family,psycho,"Early in the morning on December 15, 2014, a man entered the Souderton home of his ex-wife's sister and killed her, her husband, and her two children. He then went to a Lansdale residence and shot his ex-wife's mother and grandmother. He proceeded to his ex-wife's home in Lower Salford where he fatally shot her and took their two daughters to another location. Nearly two days later the was found dead from a drug overdose.",7,1,7,0,,,,Yes,White American or European American,Male,40.39359306,-75.49640881
145,Morgantown,"Morgantown, West Virginia",12/1/2014,Multiple Homes,Close,Ex-Girlfriend+random,psycho,"On December 1, 2014, a man entered the home of his ex-girlfriend and shot and killed her and her new boyfriend. He then proceeded to the home of a business rival, whom he killed, and the home of another man with whom his ex-girlfriend had been involved, whom he also killed. The shooter then drove to another county and shot himself.",5,0,4,0,,,,No,White American or European American,Male,39.63400851,-79.94839325
146,Florida State University,"Tallahassee, Florida",11/19/2014,Florida State University,Open,random,terrorism,"On November 19 just after midnight,  a graduate of Florida State University went to a library on campus which was full of people. He opened fire, injuring three people. Police arrived and told the shooter to drop the weapon, but he refused. Police then fired at the shooter, killing him.",1,3,3,0,,,,Yes,Black American or African American,Male,30.4549394,-84.25264151
147,Marysville-Pilchuck High School,"Marysville, Washington",10/24/2014,School Cafeteria,Close,Friends,anger,"On October 24, 2014, a freshman at Marysville-Pilchuck High School approached a table of his friends in the school cafeteria and a verbal fight ensued. The student then pulled out a handgun and fired at the students at the table. He injured five students, killed 1 girl, and then committed suicide by shooting himself in the head. Three of the four injured students died in the hospital in the following days. ",5,1,5,0,,,,No,Native American or Alaska Native,Male,48.04802409,-122.1359622
148,Albuquerque Auto Shop,"Albuquerque, New Mexico",8/8/2014,Outside an auto shop,Open,Ex-Girlfriend,anger,"The shooter pulled up to an auto shop and saw his ex-girlfriend talking with her current boyfriend. He crashed his car into the car the couple was standing next to. This knocked the current boyfriend to the ground. The shooter then fired fatal shots at his ex-girlfriend, and shot and injured three other women who had entered the shop.",2,3,4,0,,,,No,Some other race,Male,35.15290522,-106.7791378
149,Bourbon Street New Orleans,"New Orleans, Louisiana",6/29/2014,street,Open,random,anger,"On June 29, 2014, two men were having an argument on Bourbon Street, which escalated into a gunfight. Many shots were fired into the surrounding crowd, killing one and injuring nine.",1,9,10,0,,,,No,Two or more races,Male,30.0687242,-89.93147412
150,Nellis Plaza,"Las Vegas, Nevada",6/8/2014,Caf�+Walmart,Close,Policeman,psycho,"On the afternoon of June 8, 2014, a man and his wife approached two police officers having lunch in Las Vegas and began shooting, killing them both. The couple then fled to Walmart, where they killed an armed civilian attempting to stop the shooters. The man was killed by police and the woman killed herself at the Walmart.",5,0,3,2,,,,No,White American or European American,Male/Female,36.18931923,-115.3264875
151,Seattle Pacific University,"Seattle, Washington",6/5/2014,Seattle Pacific University,Close,Students,terrorism,"On June 5, 2014, a 26-year-old man entered a hall on the campus of Seattle Pacific University and began shooting at students. The shooter killed one student and injured two others before a student tackled and stopped the shooter as he was reloading.",1,2,3,0,,,,Yes,Some other race,Male,47.62199575,-122.323646
152,Isla Vista mass murder,"Santa Barbara, California",5/23/2014,,Open+Close,random,psycho,"Elliot Rodger, 22, shot three people to death in the college town of Isla Vista near the University of California, Santa Barbara. He also shot others as he drove around town, and injured others by striking them with is vehicle. He committed suicide by shooting himself in his car as police closed in. Prior to the rampage, Rodger stabbed three people to death at his apartment.",6,13,19,0,22,,,Yes,White,M,,
153,Kennesaw FedEx,"Kennesaw, Georgia",4/29/2014,Workplace,Close,Coworkers,terrorism,"On the morning of April 29, 2014, a 19 year-old package handler at the FedEx in Kennesaw, Georgia arrived at his place of work and began shooting. He wounded six of his coworkers before committing suicide.",1,6,6,0,19,1,FedEx,No,White American or European American,Male,34.02529674,-84.61766831
155,Fort Hood,"Killeen, Texas",4/2/2014,Fort Hood Army Post,Open,Policeman,psycho,"On April 2, 2014, a 34-year-old Army Specialist began shooting at Fort Hood where he was stationed. He killed 3 military personnel and wounded 16 others before committing suicide. ",4,16,19,3,34,1,Fort Hood,Yes,Some other race,Male,31.07925506,-97.73392317
156,San Francisco Tenderloin,"San Francisco, CA",3/23/2014,Outside Club,Open,random,anger,"On the evening of March 23, 2014, the shooters were arguing with a crowd outside of a club, which prompted them to retrieve arms from their car for the attack. Eight people were wounded by the attack, and there were no fatalities. The shooters were later apprehended.",0,8,8,0,,,,No,Black American or African American,Male,37.75457839,-122.4424343
157,Cedarville Rancheria Tribe,"Alturas, California",2/20/2014,,,Family+random,psycho,"On February 20, 2014, a 44-year old woman went to a tribe eviction meeting where she killed three family members and a worker. After running out of ammunition, the shooter grabbed a butcher knife and stabbed another person.",4,2,6,0,44,,,No,Native American or Alaska Native,Female,41.4911123,-120.549091
158,Centennial Hill Bar & Grill,"Montgomery, Alabama",12/28/2013,,Close,rapper+random,anger,"Early morning on December 28, 2013, a rapper had a confrontation with an acquaintance before going onstage. Soon after, the acquaintance left and re-entered the building and fired at the rapper. He and another shooter injured 5 and killed 3, including the rapper.",3,5,8,0,,,,No,Black American or African American,Male,32.34729571,-86.26730242
159,Los Angeles International Airport (LAX),"Los Angeles, California",11/1/2013,Los Angeles International Airport,Open,TSA Officer,anger,"On November 1, 2013, an unemployed 23-year old man entered Terminal 3 at Los Angeles International Airport (LAX) in California, and pulled a rifle from his bag, killing one TSA officer and wounding two other officers and a passenger before he was wounded and captured. Witnesses said that the shooter was calmly asking people: ""Hey, are you TSA?"". If they said no, the shooter moved on.",1,3,4,1,23,0,,No,White American or European American,Male,34.17622092,-118.5399542
160,Sparks Middle School,"Sparks, Nevada",10/21/2013,Sparks Middle School in Nevada,Close,random,psycho,"On October 21, 2013, a 12-year old student at Sparks Middle School in Nevada, shot and injured two students and killed a teacher before killing himself. ",2,2,3,0,12,,,Unknown,Some other race,Male,39.54058388,-119.748291
161,Washington Navy Yard,Washington D.C.,9/16/2013,,Close,random,terrorism,"On September 16, 2013, a 34-yearl old contractor for the Navy Yard in Washington D.C, entered the building shooting randomly, killing twelve people and injuring three surviving victims before he was shot and killed by law enforcement officers.  Five other people were injured during the incident while trying to escape.",13,3,15,0,34,1,Navy Yard,Yes,Black American or African American,Male,38.90480894,-77.01629717
162,Oklahoma City Residence,"Oklahoma City, Oklahoma",8/14/2013,,,Family,psycho,"On August 14, 2013, a 40-year old man obsessed with actress Selena Gomez, fatally shot his mother, sister, niece and infant nephew. He was later arrested and told police he had to getaway from his family because they were preventing him from being with his one true love.",4,0,4,0,40,,,Yes,White American or European American,Male,35.46779189,-97.5191631
163,Homes in Desoto and Dallas,"Dallas, Texas",8/7/2013,Home,Close,random,psycho,"On August 7, 2013, a 44-year old former special education teacher allegedly went on a murder spree in the Dallas area, killing four people, including his ex-wife and estranged girlfriend, and wounding four others. Once police arrived at the second home, the shooter after running out of ammunition, reportedly pretended he was one of the victims and appeared catatonic.",4,4,8,0,44,0,,Unknown,Black American or African American,Male,32.79480596,-96.76631094
164,Ross Township Supervisor Council Meeting,"Salisbury , Pennsylvania",8/5/2013,Ross Township,Close,random,psycho,"On August 5, 2013, an unemployed 59-year old man went to Ross Township's monthly meeting in Salisbury, Pennsylvania, killing three people and injuring four more. The shooter was later restrained and shot in the leg by civilians at the scene. He had been forced to vacate his property of 20 years and had been living out of his car and in abandoned buildings ever since.",3,3,6,0,59,0,,No,White American or European American,Male,39.75344279,-79.08435956
165,Hialeah apartment shooting,"Hialeah, Florida",7/26/2013,Apartment Complex,Close,random,terrorism,"Pedro Vargas, 42, set fire to his apartment, killed six people in the complex, and held another two hostages at gunpoint before a SWAT team stormed the building and fatally shot him.",7,0,7,0,42,,,Unclear,Latino,Male,25.8670105,-80.29146268
166,Santa Monica College,"Santa Monica, California",6/7/2013,,Open+Close,random,psycho,"On June 7, 2013, a 23-year old killed his father and brother at their family home and then set the home on fire in Santa Monica, California. He then forced a motorist to drive him to the Santa Monica College campus. On his way there he fired at commuters. During a 13-minute shooting spree spanning roughly 1.5 miles he killed three other people and three others wounded by gun shot. The shooter was killed by the police in the Santa Monica College library.",6,3,8,0,23,,,Yes,White American or European American,Male,34.02319149,-118.4815644
167,Village of Manchester in Illinois,"Manchester, Illinois",4/24/2013,Home,Close,partner's family,anger,"On April 24, 2013, a 43-year old man traveled to the home of his former partner's family in Manchester, Illinois. He shot and killed three adults (one  of them pregnant), a boy, and an infant, all members of the same family. There was a third child who, after shooting her, the shooter took to a neighbor's house; she survived the incident. The shooter was then chased by the police by car. The car chase resulted in a shootout between the two. The shooter was shot and killed by the police.",7,1,7,0,43,,,Unknown,White American or European American,Male,39.54231335,-90.33029852
168,Pinewood Village Apartments,"Federal Way, Washington",4/21/2013,Apartment,Close,Girlfriend,anger,"On April 21, 2013, a 27-year old man shot and killed his girlfriend at their apartment in Federal Way, Washington. He then shot two neighbors in the building's parking lot and a third victim in another apartment who had come out to see what was happening. It seems the shooter wanted to kill any witness after shooting his girlfriend. He was later killed by police.",5,0,4,0,27,,,Unknown,Black American or African American,Male,47.30909721,-122.3357553
169,Mohawk and Herkimer Villages in New York,"Mohawk, New York",3/13/2013,,Open+Close,random,psycho,"On March 13, 2013, an unemployed 64-year old man set his apartment on fire in Mohawk village, New York, before he went into a local barbershop and shot four people, killing two and wounding two others. Afterwards, the shooter drove to Herkimer village, where he shot and killed to other people at a local car servicing business. After the rampage, he holed up in an abandoned building where he had a standoff with police for 18 hours until he was shot and killed.",5,2,6,0,64,0,,No,White American or European American,Male,43.0104011,-75.0075119
170,"Ladera Ranch, Santa Ana, Tustin and Orange","Ladera Ranch, California",2/19/2013,,Open+Close,random,psycho,"On February 19, 2013, a 20-year old unemployed, part-time student killed a 20-year old woman at his parent's house. The shooter's parents called 911 when they heard the noise. He drove off in his parents car and went on a killing spree carjacking several cars and shooting at commuters, drivers, and construction workers. He committed suicide when police were approaching. The shooter had left a suicide note that he wrote within an hour of the 911 call his parents made.",4,3,6,0,20,0,,Yes,White American or European American,Male,33.54961059,-117.6415707
171,Los Angeles Police Department,"Irvine, California",2/3/2013,,Open+Close,Coworker's Family,anger,"On February 3, 2013, a 33-year old former LAPD police officer shot and killed the daughter of a former LAPD captain and her fiance in a parking garage in Irvine, California. The shooter fled the scene and a large manhunt followed until February 12, 2013, during a stand-off  with police at a cabin in the San Bernardino Mountains. The shooter killed one police officer and injured another one before he committed suicide. It is not clear if he took his life before or after the police started to burn down the cabin where he was holed up. ",4,2,7,1,33,,,Yes,Black American or African American,Male,33.67803464,-117.773628
172,Phoenix Law Firm,"Phoenix, Arizona",1/30/2013,Entrance of building,Open,random,psycho,"On January 30, 2013, a 70-year old man attended a mediation session at a law firm in Phoenix, Arizona. At the end of the session he shot three people at the entrance of the building, killing the two man involved in the session with him and wounding a third person. The shooter fled the scene, firing at a man who followed him. He later died from a self-inflicted gunshot wound.",3,1,3,0,70,,,Unknown,White American or European American,Male,33.57145875,-112.0904854
173,South Valley Residence,"South Valley, Albuquerque, New Mexico",1/19/2013,Home,Close,Family,psycho,"On January 19, 2013, a 15-year old homeschooled student shot and killed his mother and three younger siblings in their residential home in South Valley, New Mexico. The shooter then waited up five hours for his father, a former pastor, to arrive home. When the father got home, the son shot him several times and killed him. Apparently, he was planning to go on a killing spree afterwards. Instead he went to church and was later arrested.",5,0,5,0,15,,,Yes,Some other race,Male,35.15290522,-106.7791378
174,Sandy Hook Elementary School,"Newtown, Connecticut",12/14/2012,,Open+Close,Family+students,terrorism,"On December 14, 2012, a 20-year old shot and killed his mother at their home in Newtown, Connecticut. He then travelled to Sandy Hook Elementary School killing twenty children and six adult staff members and injuring two others before killing himself. Court documents showed that the school shooting had occurred in the space of less than five munities with 156 shots fired.",28,2,29,0,20,,,Yes,White American or European American,Male,41.41190846,-73.31196267
175,Clackamas Town Center,"Happy Valley, Oregon",12/11/2012,Shopping Mall,Close,random,terrorism,"On December 11, 2012, an unemployed 22-year old run into Clackamas Town Center, a shopping center outside the City of Portland, Oregon. The gunman opened fire on shoppers and employees killing two people and seriously wounding a third person before committing suicide.",3,1,3,0,22,0,,No,Some other race,Male,45.44853107,-122.5440133
176,Azana Spa in Brookfield,"Brookfield, Wisconsin",10/21/2012,Azana Spa in Brookfield,Close,Ex-Wife,psycho,"On October 21, 2012, a 45-year old man went to Azana Spa in Brookfield, Wisconsin, where his estranged wife worked. He shot and killed his ex-wife and two of her co-workers and injured four others before committing suicide.",4,4,7,0,45,,,No,Black American or African American,Male,43.06396691,-88.12299758
177,The Spot Nightclub,"Miami, Florida",9/28/2012,Club,Close,random,terrorism,"On September 28, shots were fired into a large crowd gathered at The Spot, an all-ages club at which many young teens were present. Fifteen people were injured.",0,15,15,0,,,,Unknown,Black American or African American,Male,25.79653943,-80.20840397
178,Accent Signage Systems in Minneapolis,"Minneapolis, Minnesota",9/27/2012,Accent Signage Systems Building,Close,Ex-Coworkers,unemployement,"On September 27, 2012, a 36-year old man recently fired at Accent Signage Systems in Minneapolis, went into the firm's building killing six people and injuring two others. The gunman then turned the gun on himself.",7,2,8,0,36,0,,Yes,White American or European American,Male,44.96358722,-93.26783687
179,Sikh Temple in Wisconsin,"Oak Creek, Wisconsin",8/5/2012,Sikh Temple,Close,Sikhs,racism,"On August 5, 2012, a 40-year old US Army veteran and white supremacist opened fire in a Sikh Temple in Oak Creek, Wisconsin fatally shooting six people and wounded four others. The shooter took his life by shooting himself after he was shot in the stomach by a responding police officer. His girlfriend had broken up with him very recently.",7,4,10,0,40,1,Army veteran,No,White American or European American,Male,42.88027442,-87.90087079
180,Aurora theater shooting,"Aurora, Colorado",7/20/2012,Movie Theatre,Close,random,terrorism,"James Holmes, 24, opened fire in a movie theater during the opening night of ""The Dark Night Rises"" and was later arrested outside.",12,70,82,0,24,,,Yes,white,Male,39.709283,-104.823488
181,University Heights Apartments in Auburn,"Auburn, Alabama",6/9/2012,Apartment Complex,Close,Students,terrorism,"On June 9, 2012, a 22-year old man went to a party in an off-campus apartment complex in Auburn, Alabama. Three people, including two former Auburn University football players, were killed and three others were wounded. The shooter fled the scene and turned himself in a few days later.",3,3,6,0,22,,,Unknown,Black American or African American,Male,32.60598014,-85.48989253
182,Cafe in Seattle,"Seattle, Washington",5/30/2012,,Open+Close,random,psycho,"On May 30, 2012, a 40-year old man went to a coffee shop in Seattle, Washington, where he was asked to leave due to his belligerent behaviour the previous week. The man opened fire and killed four people and injured another one. He then fled and later killed a female motorist, taking off with her SUV. Five hours later, while he was being confronted by police, he killed himself with a gunshot.",6,1,6,0,40,,,Yes,White American or European American,Male,47.62199575,-122.323646
183,Seattle cafe shooting,"Seattle, Washington",5/20/2012,,Open+Close,random,psycho,"Ian Stawicki, 40, gunned down four patrons at a cafe, and another person during a carjacking nearby, then shot himself as police closed in. (He died later that day in a Seattle hospital.)",6,1,7,0,40,,,Yes,white,Male,47.6038321,-122.3300624
184,"North Tulsa, Oklahoma","Tulsa, Oklahoma",4/6/2012,"Tulsa, Oklahoma",,black men,racism,"On April 6, 2012, a 19-year old and a 32-year old man went on a deadly shooting spree in Tulsa, Oklahoma, shooting black men at random in an apparently racially motivated attack. Three men died and two were wounded. The victims were chosen at random.",3,2,5,0,"19,32",,,No,White American or European American,Male,36.13543238,-95.91316117
185,Oikos University killings,"Oakland, California",4/2/2012,Nursing Classroom,Close,random,terrorism,"One L. Goh, 43, a former student, opened fire in a nursing classroom. He fled the scene by car and was arrested nearby a few hours later.",7,3,10,0,43,,,Yes,Asian,Male,37.8043808,-122.2708166
186,Chardon High School,"Chardon, Ohio",2/27/2012,Chardon High Scool,Close,Students,terrorism,"On February 27, 2012, a 17-year old student entered Chardon High School in Chardon, Ohio, shooting  students in the cafeteria and in the hallway, leaving three students dead and three injured. He then was chased out of the school by a teacher and was arrested outside the school.",3,3,6,0,17,,,Yes,White American or European American,Male,41.58025541,-81.20812625
187,Su Jung Health Sauna shooting,"Norcross, Georgia",2/22/2012,Spa,Close,Family,anger,"Jeong Soo Paek, 59, returned to a Korean spa from which he'd been kicked out after an altercation. He gunned down two of his sisters and their husbands before committing suicide.",5,0,5,0,59,,,Yes,Asian,Male,33.9412127,-84.2135309
188,Ensley Birmingham,"Birmingham, Alabama",1/29/2012,Home,Close,random,terrorism,"Three teenagers attempted to rob a house in the early morning of January 29, 2012. Five people were in the house playing cards, and each was shot to death in the back of the head; four of their bodies were found naked in bedroom, and one had been shot 12 times.",5,0,5,0,,,,No,Black American or African American,Male,33.5282865,-86.79550448
189,Salon Meritage,"Seal Beach, California",10/12/2011,Hair Salon,Open+Close,Ex-Wife,anger,"On October 12, 2011, a 41-year old allegedly opened fire at a hair salon in Seal Beach, California, where his former wife worked. Eight people inside the salon and one person in the parking lot were shot, and only one victim survived. The shooter was later arrested about half a mile away from the salon. He argued earlier that day over the phone with his ex-wife over a custody dispute regarding their 8-year old son.",8,1,9,0,41,,,Yes,White American or European American,Male,33.75432632,-118.0715378
190,IHOP shooting,"Carson City, Nevada",9/6/2011,International House of Pancakes Restaurant,Close,random,terrorism,"Eduardo Sencion, 32, opened fire at an International House of Pancakes restaurant and later died from a self-inflicted gunshot wound.",5,7,12,0,32,,,Yes,Latino,Male,39.1637984,-119.7674034
191,Residences in Grand Rapids,"Grand Rapids, Michigan",7/7/2011,,Open+Close,Ex-Wife & Family,psycho,"On July 7, 2011, a 34-year old man went to two homes on a shooting rampage, killing his estranged wife, their daughter, his former girlfriend, and members of the victims' families. The shooter kept shooting at random as he fled by car and followed and shot another ex-girlfriend while she was driving on her car. The gunman was chased by police that forced him to exit his vehicle and ran on foot, entering a random residence where he took three hostages. He ended releasing the hostages and committing suicide.",8,2,9,0,34,,,Yes,Black American or African American,Male,42.96920434,-85.66008902
192,Southern Union State Community College,"Opelika, Alabama",4/6/2011,Opelika campus of Southern Union State Community College in Alabama,Open,Ex-Wife & Family,anger,"On April 6, 2011, a 34-year old man went to the Opelika campus of Southern Union State Community College in Alabama, where his former wife was a student. He fired into a car and shot and killed his mother-in-law and injured his estranged wife, her grandmother, and her 4-year old daughter. Hours later returned to the crime scene and confessed to a photographer that he was the shooter. He was later arrested by the police.",1,3,4,0,34,,,Yes,White American or European American,Male,32.66240106,-85.37706931
193,Youngstown State University,"Youngstown, Ohio",2/6/2011,fraternity house party,Close,random,anger,"On February 6, 2011, two 19-year old man and a 22-year old man were involved in an argument over a girl in a fraternity house party in Youngstown State University in Ohio. A dispute ensued and one man was thrown out of the party and the other followed. They returned sometime later and began spraying bullets into the crowd, killing one student and injuring eleven others.",1,11,12,0,"19,22",,,Unknown,Black American or African American,Male,41.09933958,-80.64631705
194,Tucson shooting,"Tucson, Arizona",1/8/2011,,Open,Congresswoman,terrorism,"Jared Loughner, 22, opened fire outside a Safeway during a constituent meeting with Congresswoman Gabrielle Giffords (D-Ariz.) before he was subdued by bystanders and arrested.",6,13,19,0,22,,,Yes,white,Male,32.2217429,-110.926479
195,Hartford Beer Distributor shooting,"Manchester, Connecticut",8/3/2010,Workplace,Close,,frustration,"Omar S. Thornton, 34, shot up his Hartford Beer Distributor workplace after facing disciplinary issues, then committed suicide.",9,2,11,0,34,,,No,black,Male,41.7759324,-72.5214755
196,University of Alabama in Huntsville,"Huntsville, Alabama",2/12/2010,University of Alabama,Close,Coworkers,psycho,"On February 12, 2010, a 44-year old professor went to a faculty meeting at the University of Alabama in Huntsville. She sat quietly at the meeting for 30 or 40 minutes before pulling out a gun, killing three of her coworkers and injuring three others. She was later arrested outside the building.",0,3,6,0,44,1,University of Alabama,No,White American or European American,Female,34.72827538,-86.6723055
